ingredient_name,name_fr,category,country_code,fr_reference_price_eur_per_100g,price_per_100g,currency,package_size,package_unit,notes
African eggplant,Aubergine africaine,vegetable,CA,0.599,,CAD,,,
African eggplant,Aubergine africaine,vegetable,GB,0.599,,GBP,,,
African eggplant,Aubergine africaine,vegetable,US,0.599,,USD,,,
African pea eggplant (Gnangnan),Petite aubergine africaine (gnangnan),vegetable,CA,0.599,,CAD,,,
African pea eggplant (Gnangnan),Petite aubergine africaine (gnangnan),vegetable,GB,0.599,,GBP,,,
African pea eggplant (Gnangnan),Petite aubergine africaine (gnangnan),vegetable,US,0.599,,USD,,,
Akpi,Akpi,spice,CA,,,CAD,,,
Akpi,Akpi,spice,GB,,,GBP,,,
Akpi,Akpi,spice,US,,,USD,,,
Apricot jam,Confiture d'assaisonnement,condiment,CA,1.222,,CAD,,,
Apricot jam,Confiture d'assaisonnement,condiment,GB,1.222,,GBP,,,
Apricot jam,Confiture d'assaisonnement,condiment,US,1.222,,USD,,,
Attiéké,Attiéké,starch,CA,,,CAD,,,
Attiéké,Attiéké,starch,GB,,,GBP,,,
Attiéké,Attiéké,starch,US,,,USD,,,
Bakers yeast,Levure de boulanger,other,CA,,,CAD,,,
Bakers yeast,Levure de boulanger,other,GB,,,GBP,,,
Bakers yeast,Levure de boulanger,other,US,,,USD,,,
Baking powder,Levure chimique,other,CA,,,CAD,,,
Baking powder,Levure chimique,other,GB,,,GBP,,,
Baking powder,Levure chimique,other,US,,,USD,,,
Baking soda,Bicarbonate de soude,spice,CA,,,CAD,,,
Baking soda,Bicarbonate de soude,spice,GB,,,GBP,,,
Baking soda,Bicarbonate de soude,spice,US,,,USD,,,
Banana leaves,Feuilles de bananier,other,CA,,,CAD,,,
Banana leaves,Feuilles de bananier,other,GB,,,GBP,,,
Banana leaves,Feuilles de bananier,other,US,,,USD,,,
Bay Leaf,Laurier,spice,CA,,,CAD,,,
Bay Leaf,Laurier,spice,GB,,,GBP,,,
Bay Leaf,Laurier,spice,US,,,USD,,,
Bay leaf,Feuille de laurier,spice,CA,,,CAD,,,
Bay leaf,Feuille de laurier,spice,GB,,,GBP,,,
Bay leaf,Feuille de laurier,spice,US,,,USD,,,
Beef,Bœuf,protein,CA,,,CAD,,,
Beef,Bœuf,protein,GB,,,GBP,,,
Beef,Bœuf,protein,US,,,USD,,,
Beef blood,Sang de bœuf,protein,CA,2.198,,CAD,,,
Beef blood,Sang de bœuf,protein,GB,2.198,,GBP,,,
Beef blood,Sang de bœuf,protein,US,2.198,,USD,,,
Beef stock cube,Bouillon de bœuf,condiment,CA,1.106,,CAD,,,
Beef stock cube,Bouillon de bœuf,condiment,GB,1.106,,GBP,,,
Beef stock cube,Bouillon de bœuf,condiment,US,1.106,,USD,,,
Berbere Spice,Berbere,spice,CA,,,CAD,,,
Berbere Spice,Berbere,spice,GB,,,GBP,,,
Berbere Spice,Berbere,spice,US,,,USD,,,
Berbere spice mix,Poudre de Berbéré,spice,CA,,,CAD,,,
Berbere spice mix,Poudre de Berbéré,spice,GB,,,GBP,,,
Berbere spice mix,Poudre de Berbéré,spice,US,,,USD,,,
Biltong (Dried meat),Viande séchée (Biltong),protein,CA,,,CAD,,,
Biltong (Dried meat),Viande séchée (Biltong),protein,GB,,,GBP,,,
Biltong (Dried meat),Viande séchée (Biltong),protein,US,,,USD,,,
Bird's eye chili,Piment oiseau,spice,CA,2.299,,CAD,,,
Bird's eye chili,Piment oiseau,spice,GB,2.299,,GBP,,,
Bird's eye chili,Piment oiseau,spice,US,2.299,,USD,,,
Black pepper,Poivre noir,spice,CA,2.357,,CAD,,,
Black pepper,Poivre noir,spice,GB,2.357,,GBP,,,
Black pepper,Poivre noir,spice,US,2.357,,USD,,,
Black-eyed peas,Haricots niébé,legume,CA,,,CAD,,,
Black-eyed peas,Haricots niébé,legume,GB,,,GBP,,,
Black-eyed peas,Haricots niébé,legume,US,,,USD,,,
Bread,Pain,starch,CA,0.590,,CAD,,,
Bread,Pain,starch,GB,0.590,,GBP,,,
Bread,Pain,starch,US,0.590,,USD,,,
Breadcrumbs,Chapelure,other,CA,,,CAD,,,
Breadcrumbs,Chapelure,other,GB,,,GBP,,,
Breadcrumbs,Chapelure,other,US,,,USD,,,
Bredes leaves,Feuilles de brèdes,vegetable,CA,,,CAD,,,
Bredes leaves,Feuilles de brèdes,vegetable,GB,,,GBP,,,
Bredes leaves,Feuilles de brèdes,vegetable,US,,,USD,,,
Brick pastry leaf,Feuille de brick,starch,CA,0.582,,CAD,,,
Brick pastry leaf,Feuille de brick,starch,GB,0.582,,GBP,,,
Brick pastry leaf,Feuille de brick,starch,US,0.582,,USD,,,
Broken rice,Riz brisé,starch,CA,0.202,,CAD,,,
Broken rice,Riz brisé,starch,GB,0.202,,GBP,,,
Broken rice,Riz brisé,starch,US,0.202,,USD,,,
Butter,Beurre,dairy,CA,0.978,,CAD,,,
Butter,Beurre,dairy,GB,0.978,,GBP,,,
Butter,Beurre,dairy,US,0.978,,USD,,,
Canned tuna,Thon à l'huile,fish,CA,1.306,,CAD,,,
Canned tuna,Thon à l'huile,fish,GB,1.306,,GBP,,,
Canned tuna,Thon à l'huile,fish,US,1.306,,USD,,,
Captain fish,Poisson capitaine,fish,CA,,,CAD,,,
Captain fish,Poisson capitaine,fish,GB,,,GBP,,,
Captain fish,Poisson capitaine,fish,US,,,USD,,,
Cardamom,Cardamome,spice,CA,7.286,,CAD,,,
Cardamom,Cardamome,spice,GB,7.286,,GBP,,,
Cardamom,Cardamome,spice,US,7.286,,USD,,,
Carrot,Carotte,vegetable,CA,0.193,,CAD,,,
Carrot,Carotte,vegetable,GB,0.193,,GBP,,,
Carrot,Carotte,vegetable,US,0.193,,USD,,,
Cashew nuts,Noix de cajou,nut,CA,,,CAD,,,
Cashew nuts,Noix de cajou,nut,GB,,,GBP,,,
Cashew nuts,Noix de cajou,nut,US,,,USD,,,
Cassava,Manioc,starch,CA,0.499,,CAD,,,
Cassava,Manioc,starch,GB,0.499,,GBP,,,
Cassava,Manioc,starch,US,0.499,,USD,,,
Cassava Flour,Farine de manioc,starch,CA,,,CAD,,,
Cassava Flour,Farine de manioc,starch,GB,,,GBP,,,
Cassava Flour,Farine de manioc,starch,US,,,USD,,,
Cassava flour,Farine de manioc,starch,CA,,,CAD,,,
Cassava flour,Farine de manioc,starch,GB,,,GBP,,,
Cassava flour,Farine de manioc,starch,US,,,USD,,,
Celery,Céleri,vegetable,CA,,,CAD,,,
Celery,Céleri,vegetable,GB,,,GBP,,,
Celery,Céleri,vegetable,US,,,USD,,,
Chicken,Poulet,protein,CA,1.190,,CAD,,,
Chicken,Poulet,protein,GB,1.190,,GBP,,,
Chicken,Poulet,protein,US,1.190,,USD,,,
Chicken stock cube,Bouillon de poulet,condiment,CA,1.112,,CAD,,,
Chicken stock cube,Bouillon de poulet,condiment,GB,1.112,,GBP,,,
Chicken stock cube,Bouillon de poulet,condiment,US,1.112,,USD,,,
Chickpea flour,Farine de pois chiches,legume,CA,1.496,,CAD,,,
Chickpea flour,Farine de pois chiches,legume,GB,1.496,,GBP,,,
Chickpea flour,Farine de pois chiches,legume,US,1.496,,USD,,,
Chickpea powder Shiro,Pois chiches en poudre (Shiro),legume,CA,,,CAD,,,
Chickpea powder Shiro,Pois chiches en poudre (Shiro),legume,GB,,,GBP,,,
Chickpea powder Shiro,Pois chiches en poudre (Shiro),legume,US,,,USD,,,
Chickpeas,Pois chiches,legume,CA,0.283,,CAD,,,
Chickpeas,Pois chiches,legume,GB,0.283,,GBP,,,
Chickpeas,Pois chiches,legume,US,0.283,,USD,,,
Chinese noodles,Nouilles chinoises,starch,CA,,,CAD,,,
Chinese noodles,Nouilles chinoises,starch,GB,,,GBP,,,
Chinese noodles,Nouilles chinoises,starch,US,,,USD,,,
Chopped cassava leaves,Feuilles de manioc hachées,vegetable,CA,,,CAD,,,
Chopped cassava leaves,Feuilles de manioc hachées,vegetable,GB,,,GBP,,,
Chopped cassava leaves,Feuilles de manioc hachées,vegetable,US,,,USD,,,
Cinnamon,Cannelle,spice,CA,2.257,,CAD,,,
Cinnamon,Cannelle,spice,GB,2.257,,GBP,,,
Cinnamon,Cannelle,spice,US,2.257,,USD,,,
Clarified butter,Beurre clarifié (Niter Kibbeh),fat,CA,,,CAD,,,
Clarified butter,Beurre clarifié (Niter Kibbeh),fat,GB,,,GBP,,,
Clarified butter,Beurre clarifié (Niter Kibbeh),fat,US,,,USD,,,
Cloves,Clou de girofle,spice,CA,,,CAD,,,
Cloves,Clou de girofle,spice,GB,,,GBP,,,
Cloves,Clou de girofle,spice,US,,,USD,,,
Cocoa Powder,Cacao en poudre,other,CA,,,CAD,,,
Cocoa Powder,Cacao en poudre,other,GB,,,GBP,,,
Cocoa Powder,Cacao en poudre,other,US,,,USD,,,
Coconut milk,Lait de coco,liquid,CA,0.625,,CAD,,,
Coconut milk,Lait de coco,liquid,GB,0.625,,GBP,,,
Coconut milk,Lait de coco,liquid,US,0.625,,USD,,,
Cod,Cabillaud,,CA,1.998,,CAD,,,
Cod,Cabillaud,,GB,1.998,,GBP,,,
Cod,Cabillaud,,US,1.998,,USD,,,
Cod fish,Morue,fish,CA,1.698,,CAD,,,
Cod fish,Morue,fish,GB,1.698,,GBP,,,
Cod fish,Morue,fish,US,1.698,,USD,,,
Coriander,Coriandre,spice,CA,0.990,,CAD,,,
Coriander,Coriandre,spice,GB,0.990,,GBP,,,
Coriander,Coriandre,spice,US,0.990,,USD,,,
Corn flour,Farine de maïs,starch,CA,0.569,,CAD,,,
Corn flour,Farine de maïs,starch,GB,0.569,,GBP,,,
Corn flour,Farine de maïs,starch,US,0.569,,USD,,,
Corn kernels,Maïs en grains,starch,CA,,,CAD,,,
Corn kernels,Maïs en grains,starch,GB,,,GBP,,,
Corn kernels,Maïs en grains,starch,US,,,USD,,,
Cornmeal,Farine de maïs,starch,CA,,,CAD,,,
Cornmeal,Farine de maïs,starch,GB,,,GBP,,,
Cornmeal,Farine de maïs,starch,US,,,USD,,,
Couscous,Couscous,starch,CA,0.169,,CAD,,,
Couscous,Couscous,starch,GB,0.169,,GBP,,,
Couscous,Couscous,starch,US,0.169,,USD,,,
Crab,Crabe,fish,CA,2.636,,CAD,,,
Crab,Crabe,fish,GB,2.636,,GBP,,,
Crab,Crabe,fish,US,2.636,,USD,,,
Creme fraiche,Crème fraîche,dairy,CA,0.310,,CAD,,,
Creme fraiche,Crème fraîche,dairy,GB,0.310,,GBP,,,
Creme fraiche,Crème fraîche,dairy,US,0.310,,USD,,,
Cumin,Cumin,spice,CA,7.375,,CAD,,,
Cumin,Cumin,spice,GB,7.375,,GBP,,,
Cumin,Cumin,spice,US,7.375,,USD,,,
Curdled milk,Lait caillé,dairy,CA,0.170,,CAD,,,
Curdled milk,Lait caillé,dairy,GB,0.170,,GBP,,,
Curdled milk,Lait caillé,dairy,US,0.170,,USD,,,
Curry powder,Curry en poudre,spice,CA,1.310,,CAD,,,
Curry powder,Curry en poudre,spice,GB,1.310,,GBP,,,
Curry powder,Curry en poudre,spice,US,1.310,,USD,,,
Dijon mustard,Moutarde de Dijon,condiment,CA,0.458,,CAD,,,
Dijon mustard,Moutarde de Dijon,condiment,GB,0.458,,GBP,,,
Dijon mustard,Moutarde de Dijon,condiment,US,0.458,,USD,,,
Dried chili,Piment sec,spice,CA,1.832,,CAD,,,
Dried chili,Piment sec,spice,GB,1.832,,GBP,,,
Dried chili,Piment sec,spice,US,1.832,,USD,,,
Dried crayfish,Écrevisses séchées,dried_fish,CA,,,CAD,,,
Dried crayfish,Écrevisses séchées,dried_fish,GB,,,GBP,,,
Dried crayfish,Écrevisses séchées,dried_fish,US,,,USD,,,
Dried fava beans,Fèves sèches,legume,CA,,,CAD,,,
Dried fava beans,Fèves sèches,legume,GB,,,GBP,,,
Dried fava beans,Fèves sèches,legume,US,,,USD,,,
Dried fish Guedj,Poisson séché (Guedj),dried_fish,CA,,,CAD,,,
Dried fish Guedj,Poisson séché (Guedj),dried_fish,GB,,,GBP,,,
Dried fish Guedj,Poisson séché (Guedj),dried_fish,US,,,USD,,,
Dried fish powder,Poudre de poisson séché,dried_fish,CA,,,CAD,,,
Dried fish powder,Poudre de poisson séché,dried_fish,GB,,,GBP,,,
Dried fish powder,Poudre de poisson séché,dried_fish,US,,,USD,,,
Dried shellfish Yet,Yet (mollusque séché),dried_fish,CA,,,CAD,,,
Dried shellfish Yet,Yet (mollusque séché),dried_fish,GB,,,GBP,,,
Dried shellfish Yet,Yet (mollusque séché),dried_fish,US,,,USD,,,
Dried shrimp powder,Poudre de crevette séchée,dried_fish,CA,1.925,,CAD,,,
Dried shrimp powder,Poudre de crevette séchée,dried_fish,GB,1.925,,GBP,,,
Dried shrimp powder,Poudre de crevette séchée,dried_fish,US,1.925,,USD,,,
Egg,Œuf,protein,CA,,,CAD,,,
Egg,Œuf,protein,GB,,,GBP,,,
Egg,Œuf,protein,US,,,USD,,,
Eggplant,Aubergine,vegetable,CA,0.289,,CAD,,,
Eggplant,Aubergine,vegetable,GB,0.289,,GBP,,,
Eggplant,Aubergine,vegetable,US,0.289,,USD,,,
Egusi seeds,Graines d'egusi,nut,CA,,,CAD,,,
Egusi seeds,Graines d'egusi,nut,GB,,,GBP,,,
Egusi seeds,Graines d'egusi,nut,US,,,USD,,,
Evaporated milk,Lait concentré non sucré,dairy,CA,0.241,,CAD,,,
Evaporated milk,Lait concentré non sucré,dairy,GB,0.241,,GBP,,,
Evaporated milk,Lait concentré non sucré,dairy,US,0.241,,USD,,,
Fermented fish (Adjovan),Poisson fermenté (Adjovan),dried_fish,CA,0.714,,CAD,,,
Fermented fish (Adjovan),Poisson fermenté (Adjovan),dried_fish,GB,0.714,,GBP,,,
Fermented fish (Adjovan),Poisson fermenté (Adjovan),dried_fish,US,0.714,,USD,,,
Fine semolina,Semoule fine,starch,CA,0.290,,CAD,,,
Fine semolina,Semoule fine,starch,GB,0.290,,GBP,,,
Fine semolina,Semoule fine,starch,US,0.290,,USD,,,
Fish sauce,Nuoc mam,,CA,0.792,,CAD,,,
Fish sauce,Nuoc mam,,GB,0.792,,GBP,,,
Fish sauce,Nuoc mam,,US,0.792,,USD,,,
Fresh chili,Piment frais,vegetable,CA,2.333,,CAD,,,
Fresh chili,Piment frais,vegetable,GB,2.333,,GBP,,,
Fresh chili,Piment frais,vegetable,US,2.333,,USD,,,
Fresh coriander,Coriandre fraîche,herb,CA,0.990,,CAD,,,
Fresh coriander,Coriandre fraîche,herb,GB,0.990,,GBP,,,
Fresh coriander,Coriandre fraîche,herb,US,0.990,,USD,,,
Fresh fish (Tilapia),Poisson frais (Tilapia),fish,CA,,,CAD,,,
Fresh fish (Tilapia),Poisson frais (Tilapia),fish,GB,,,GBP,,,
Fresh fish (Tilapia),Poisson frais (Tilapia),fish,US,,,USD,,,
Fresh habanero pepper,Piment antillais frais,vegetable,CA,6.653,,CAD,,,
Fresh habanero pepper,Piment antillais frais,vegetable,GB,6.653,,GBP,,,
Fresh habanero pepper,Piment antillais frais,vegetable,US,6.653,,USD,,,
Fresh okra,Gombo frais,vegetable,CA,0.999,,CAD,,,
Fresh okra,Gombo frais,vegetable,GB,0.999,,GBP,,,
Fresh okra,Gombo frais,vegetable,US,0.999,,USD,,,
Fresh tomato,Tomate fraîche,vegetable,CA,0.482,,CAD,,,
Fresh tomato,Tomate fraîche,vegetable,GB,0.482,,GBP,,,
Fresh tomato,Tomate fraîche,vegetable,US,0.482,,USD,,,
Gari (Cassava granules),Gari,starch,CA,0.255,,CAD,,,
Gari (Cassava granules),Gari,starch,GB,0.255,,GBP,,,
Gari (Cassava granules),Gari,starch,US,0.255,,USD,,,
Garlic,Ail,spice,CA,0.796,,CAD,,,
Garlic,Ail,spice,GB,0.796,,GBP,,,
Garlic,Ail,spice,US,0.796,,USD,,,
Ginger,Gingembre,spice,CA,0.499,,CAD,,,
Ginger,Gingembre,spice,GB,0.499,,GBP,,,
Ginger,Gingembre,spice,US,0.499,,USD,,,
Goat meat,Viande de chèvre,protein,CA,,,CAD,,,
Goat meat,Viande de chèvre,protein,GB,,,GBP,,,
Goat meat,Viande de chèvre,protein,US,,,USD,,,
Green bananas Matoke,Bananes vertes (Matoke),starch,CA,,,CAD,,,
Green bananas Matoke,Bananes vertes (Matoke),starch,GB,,,GBP,,,
Green bananas Matoke,Bananes vertes (Matoke),starch,US,,,USD,,,
Green bell pepper,Poivron vert,vegetable,CA,0.429,,CAD,,,
Green bell pepper,Poivron vert,vegetable,GB,0.429,,GBP,,,
Green bell pepper,Poivron vert,vegetable,US,0.429,,USD,,,
Green cabbage,Chou vert,,CA,,,CAD,,,
Green cabbage,Chou vert,,GB,,,GBP,,,
Green cabbage,Chou vert,,US,,,USD,,,
Ground coriander,Coriandre moulue,spice,CA,3.906,,CAD,,,
Ground coriander,Coriandre moulue,spice,GB,3.906,,GBP,,,
Ground coriander,Coriandre moulue,spice,US,3.906,,USD,,,
Ground meat,Viande hachée,protein,CA,,,CAD,,,
Ground meat,Viande hachée,protein,GB,,,GBP,,,
Ground meat,Viande hachée,protein,US,,,USD,,,
Ground nutmeg,Muscade moulue,spice,CA,,,CAD,,,
Ground nutmeg,Muscade moulue,spice,GB,,,GBP,,,
Ground nutmeg,Muscade moulue,spice,US,,,USD,,,
Harissa,Harissa,condiment,CA,0.564,,CAD,,,
Harissa,Harissa,condiment,GB,0.564,,GBP,,,
Harissa,Harissa,condiment,US,0.564,,USD,,,
Honey,Miel,condiment,CA,0.796,,CAD,,,
Honey,Miel,condiment,GB,0.796,,GBP,,,
Honey,Miel,condiment,US,0.796,,USD,,,
Kale Sukuma,Chou frisé (Sukuma),vegetable,CA,,,CAD,,,
Kale Sukuma,Chou frisé (Sukuma),vegetable,GB,,,GBP,,,
Kale Sukuma,Chou frisé (Sukuma),vegetable,US,,,USD,,,
Lamb,Agneau,protein,CA,3.625,,CAD,,,
Lamb,Agneau,protein,GB,3.625,,GBP,,,
Lamb,Agneau,protein,US,3.625,,USD,,,
Large chili,Gros piment,vegetable,CA,2.089,,CAD,,,
Large chili,Gros piment,vegetable,GB,2.089,,GBP,,,
Large chili,Gros piment,vegetable,US,2.089,,USD,,,
Lemon,Citron,fruit,CA,,,CAD,,,
Lemon,Citron,fruit,GB,,,GBP,,,
Lemon,Citron,fruit,US,,,USD,,,
Lemon juice,Jus de citron,condiment,CA,,,CAD,,,
Lemon juice,Jus de citron,condiment,GB,,,GBP,,,
Lemon juice,Jus de citron,condiment,US,,,USD,,,
Long grain rice,Riz long grain,starch,CA,0.168,,CAD,,,
Long grain rice,Riz long grain,starch,GB,0.168,,GBP,,,
Long grain rice,Riz long grain,starch,US,0.168,,USD,,,
Merguez sausage,Merguez (viande),protein,CA,1.512,,CAD,,,
Merguez sausage,Merguez (viande),protein,GB,1.512,,GBP,,,
Merguez sausage,Merguez (viande),protein,US,1.512,,USD,,,
Milk,Lait,dairy,CA,0.115,,CAD,,,
Milk,Lait,dairy,GB,0.115,,GBP,,,
Milk,Lait,dairy,US,0.115,,USD,,,
Millet grains,Grains de mil,starch,CA,,,CAD,,,
Millet grains,Grains de mil,starch,GB,,,GBP,,,
Millet grains,Grains de mil,starch,US,,,USD,,,
Natural casings,Boyaux naturels,protein,CA,,,CAD,,,
Natural casings,Boyaux naturels,protein,GB,,,GBP,,,
Natural casings,Boyaux naturels,protein,US,,,USD,,,
Ndole leaves,Feuilles de ndolé,vegetable,CA,,,CAD,,,
Ndole leaves,Feuilles de ndolé,vegetable,GB,,,GBP,,,
Ndole leaves,Feuilles de ndolé,vegetable,US,,,USD,,,
Nutmeg,Noix de muscade,spice,CA,,,CAD,,,
Nutmeg,Noix de muscade,spice,GB,,,GBP,,,
Nutmeg,Noix de muscade,spice,US,,,USD,,,
Oil,Huile,frying_oil,CA,1.109,,CAD,,,
Oil,Huile,frying_oil,GB,1.109,,GBP,,,
Oil,Huile,frying_oil,US,1.109,,USD,,,
Olive oil,Huile d'olive,fat,CA,1.109,,CAD,,,
Olive oil,Huile d'olive,fat,GB,1.109,,GBP,,,
Olive oil,Huile d'olive,fat,US,1.109,,USD,,,
Onion,Oignon,vegetable,CA,1.130,,CAD,,,
Onion,Oignon,vegetable,GB,1.130,,GBP,,,
Onion,Oignon,vegetable,US,1.130,,USD,,,
Palm fruit,Graine de palme,nut,CA,0.694,,CAD,,,
Palm fruit,Graine de palme,nut,GB,0.694,,GBP,,,
Palm fruit,Graine de palme,nut,US,0.694,,USD,,,
Palm nuts,Noix de palme,nut,CA,,,CAD,,,
Palm nuts,Noix de palme,nut,GB,,,GBP,,,
Palm nuts,Noix de palme,nut,US,,,USD,,,
Palm oil,Huile de palme,fat,CA,0.561,,CAD,,,
Palm oil,Huile de palme,fat,GB,0.561,,GBP,,,
Palm oil,Huile de palme,fat,US,0.561,,USD,,,
Paprika,Paprika,spice,CA,5.625,,CAD,,,
Paprika,Paprika,spice,GB,5.625,,GBP,,,
Paprika,Paprika,spice,US,5.625,,USD,,,
Parsley,Persil,herb,CA,,,CAD,,,
Parsley,Persil,herb,GB,,,GBP,,,
Parsley,Persil,herb,US,,,USD,,,
Pasta,Pâtes,starch,CA,0.150,,CAD,,,
Pasta,Pâtes,starch,GB,0.150,,GBP,,,
Pasta,Pâtes,starch,US,0.150,,USD,,,
Peanut butter,Pâte d'arachide,nut,CA,1.995,,CAD,,,
Peanut butter,Pâte d'arachide,nut,GB,1.995,,GBP,,,
Peanut butter,Pâte d'arachide,nut,US,1.995,,USD,,,
Peanut oil,Huile d'arachide,fat,CA,0.355,,CAD,,,
Peanut oil,Huile d'arachide,fat,GB,0.355,,GBP,,,
Peanut oil,Huile d'arachide,fat,US,0.355,,USD,,,
Pepper,Poivre,spice,CA,2.357,,CAD,,,
Pepper,Poivre,spice,GB,2.357,,GBP,,,
Pepper,Poivre,spice,US,2.357,,USD,,,
Pigs' feet,Pieds de porc,protein,CA,,,CAD,,,
Pigs' feet,Pieds de porc,protein,GB,,,GBP,,,
Pigs' feet,Pieds de porc,protein,US,,,USD,,,
Pilau spice mix,Épices pour Pilau,spice,CA,,,CAD,,,
Pilau spice mix,Épices pour Pilau,spice,GB,,,GBP,,,
Pilau spice mix,Épices pour Pilau,spice,US,,,USD,,,
Pklala leaves (Crincrin),Feuilles de pklala (crincrin),vegetable,CA,,,CAD,,,
Pklala leaves (Crincrin),Feuilles de pklala (crincrin),vegetable,GB,,,GBP,,,
Pklala leaves (Crincrin),Feuilles de pklala (crincrin),vegetable,US,,,USD,,,
Pork,Porc,protein,CA,0.599,,CAD,,,
Pork,Porc,protein,GB,0.599,,GBP,,,
Pork,Porc,protein,US,0.599,,USD,,,
Potato,Pomme de terre,vegetable,CA,0.066,,CAD,,,
Potato,Pomme de terre,vegetable,GB,0.066,,GBP,,,
Potato,Pomme de terre,vegetable,US,0.066,,USD,,,
Prunes,Pruneaux,fruit,CA,,,CAD,,,
Prunes,Pruneaux,fruit,GB,,,GBP,,,
Prunes,Pruneaux,fruit,US,,,USD,,,
Pumpkin seeds (Egusi),Pistaches (graines de courge),nut,CA,,,CAD,,,
Pumpkin seeds (Egusi),Pistaches (graines de courge),nut,GB,,,GBP,,,
Pumpkin seeds (Egusi),Pistaches (graines de courge),nut,US,,,USD,,,
Ras el hanout,Ras el hanout,spice,CA,1.290,,CAD,,,
Ras el hanout,Ras el hanout,spice,GB,1.290,,GBP,,,
Ras el hanout,Ras el hanout,spice,US,1.290,,USD,,,
Red bell pepper,Poivron rouge,vegetable,CA,0.439,,CAD,,,
Red bell pepper,Poivron rouge,vegetable,GB,0.439,,GBP,,,
Red bell pepper,Poivron rouge,vegetable,US,0.439,,USD,,,
Red lentils,Lentilles rouges,legume,CA,0.355,,CAD,,,
Red lentils,Lentilles rouges,legume,GB,0.355,,GBP,,,
Red lentils,Lentilles rouges,legume,US,0.355,,USD,,,
Red onion,Oignon rouge,vegetable,CA,0.198,,CAD,,,
Red onion,Oignon rouge,vegetable,GB,0.198,,GBP,,,
Red onion,Oignon rouge,vegetable,US,0.198,,USD,,,
Rice,Riz,starch,CA,0.255,,CAD,,,
Rice,Riz,starch,GB,0.255,,GBP,,,
Rice,Riz,starch,US,0.255,,USD,,,
Ripe plantain,Banane plantain mûre,starch,CA,0.349,,CAD,,,
Ripe plantain,Banane plantain mûre,starch,GB,0.349,,GBP,,,
Ripe plantain,Banane plantain mûre,starch,US,0.349,,USD,,,
Roasted peanuts,Arachides grillées,nut,CA,,,CAD,,,
Roasted peanuts,Arachides grillées,nut,GB,,,GBP,,,
Roasted peanuts,Arachides grillées,nut,US,,,USD,,,
Salt,Sel,spice,CA,0.118,,CAD,,,
Salt,Sel,spice,GB,0.118,,GBP,,,
Salt,Sel,spice,US,0.118,,USD,,,
Seasoning cube,Cube d'assaisonnement,condiment,CA,,,CAD,,,
Seasoning cube,Cube d'assaisonnement,condiment,GB,,,GBP,,,
Seasoning cube,Cube d'assaisonnement,condiment,US,,,USD,,,
Sesame oil,Huile de sésame,fat,CA,1.220,,CAD,,,
Sesame oil,Huile de sésame,fat,GB,1.220,,GBP,,,
Sesame oil,Huile de sésame,fat,US,1.220,,USD,,,
Shrimp,Crevettes,fish,CA,3.333,,CAD,,,
Shrimp,Crevettes,fish,GB,3.333,,GBP,,,
Shrimp,Crevettes,fish,US,3.333,,USD,,,
Slivered almonds,Amandes effilées,nut,CA,,,CAD,,,
Slivered almonds,Amandes effilées,nut,GB,,,GBP,,,
Slivered almonds,Amandes effilées,nut,US,,,USD,,,
Smoked chicken,Poulet fumé,protein,CA,0.629,,CAD,,,
Smoked chicken,Poulet fumé,protein,GB,0.629,,GBP,,,
Smoked chicken,Poulet fumé,protein,US,0.629,,USD,,,
Smoked fish,Poisson fumé,dried_fish,CA,2.406,,CAD,,,
Smoked fish,Poisson fumé,dried_fish,GB,2.406,,GBP,,,
Smoked fish,Poisson fumé,dried_fish,US,2.406,,USD,,,
Smoked mackerel,Maquereau fumé,,CA,,,CAD,,,
Smoked mackerel,Maquereau fumé,,GB,,,GBP,,,
Smoked mackerel,Maquereau fumé,,US,,,USD,,,
Smoked pork,Porc fumé,protein,CA,1.490,,CAD,,,
Smoked pork,Porc fumé,protein,GB,1.490,,GBP,,,
Smoked pork,Porc fumé,protein,US,1.490,,USD,,,
Smoked sausage,Saucisse fumée,protein,CA,,,CAD,,,
Smoked sausage,Saucisse fumée,protein,GB,,,GBP,,,
Smoked sausage,Saucisse fumée,protein,US,,,USD,,,
Sorghum leaves,Feuilles de sorgho,vegetable,CA,,,CAD,,,
Sorghum leaves,Feuilles de sorgho,vegetable,GB,,,GBP,,,
Sorghum leaves,Feuilles de sorgho,vegetable,US,,,USD,,,
Soy sauce,Sauce soja,condiment,CA,1.000,,CAD,,,
Soy sauce,Sauce soja,condiment,GB,1.000,,GBP,,,
Soy sauce,Sauce soja,condiment,US,1.000,,USD,,,
Spinach,Épinards,vegetable,CA,1.032,,CAD,,,
Spinach,Épinards,vegetable,GB,1.032,,GBP,,,
Spinach,Épinards,vegetable,US,1.032,,USD,,,
Stale bread,Pain rassis,starch,CA,1.039,,CAD,,,
Stale bread,Pain rassis,starch,GB,1.039,,GBP,,,
Stale bread,Pain rassis,starch,US,1.039,,USD,,,
Sugar,Sucre,other,CA,0.089,,CAD,,,
Sugar,Sucre,other,CA,0.089,,CAD,,,
Sugar,Sucre,other,GB,0.089,,GBP,,,
Sugar,Sucre,other,GB,0.089,,GBP,,,
Sugar,Sucre,other,US,0.089,,USD,,,
Sugar,Sucre,other,US,0.089,,USD,,,
Suya spice powder,Poudre de Suya,spice,CA,,,CAD,,,
Suya spice powder,Poudre de Suya,spice,GB,,,GBP,,,
Suya spice powder,Poudre de Suya,spice,US,,,USD,,,
Sweet potato,Patate douce,vegetable,CA,0.279,,CAD,,,
Sweet potato,Patate douce,vegetable,GB,0.279,,GBP,,,
Sweet potato,Patate douce,vegetable,US,0.279,,USD,,,
Taro,Taro,starch,CA,0.499,,CAD,,,
Taro,Taro,starch,GB,0.499,,GBP,,,
Taro,Taro,starch,US,0.499,,USD,,,
Teff Flour,Farine de teff,starch,CA,,,CAD,,,
Teff Flour,Farine de teff,starch,GB,,,GBP,,,
Teff Flour,Farine de teff,starch,US,,,USD,,,
Teff flour,Farine de teff,starch,CA,,,CAD,,,
Teff flour,Farine de teff,starch,GB,,,GBP,,,
Teff flour,Farine de teff,starch,US,,,USD,,,
Thiof fish,Poisson (Thiof),fish,CA,0.838,,CAD,,,
Thiof fish,Poisson (Thiof),fish,GB,0.838,,GBP,,,
Thiof fish,Poisson (Thiof),fish,US,0.838,,USD,,,
Thyme,Thym,spice,CA,2.786,,CAD,,,
Thyme,Thym,spice,GB,2.786,,GBP,,,
Thyme,Thym,spice,US,2.786,,USD,,,
Tomato,Tomate,vegetable,CA,0.429,,CAD,,,
Tomato,Tomate,vegetable,GB,0.429,,GBP,,,
Tomato,Tomate,vegetable,US,0.429,,USD,,,
Tomato paste,Tomate concentrée,condiment,CA,0.482,,CAD,,,
Tomato paste,Tomate concentrée,condiment,GB,0.482,,GBP,,,
Tomato paste,Tomate concentrée,condiment,US,0.482,,USD,,,
Turmeric,Curcuma,spice,CA,5.667,,CAD,,,
Turmeric,Curcuma,spice,GB,5.667,,GBP,,,
Turmeric,Curcuma,spice,US,5.667,,USD,,,
Turnip,Navet,vegetable,CA,,,CAD,,,
Turnip,Navet,vegetable,GB,,,GBP,,,
Turnip,Navet,vegetable,US,,,USD,,,
Unripe plantain,Banane plantain non mûre,starch,CA,0.349,,CAD,,,
Unripe plantain,Banane plantain non mûre,starch,GB,0.349,,GBP,,,
Unripe plantain,Banane plantain non mûre,starch,US,0.349,,USD,,,
Vegetable oil,Huile végétale,fat,CA,0.265,,CAD,,,
Vegetable oil,Huile végétale,fat,GB,0.265,,GBP,,,
Vegetable oil,Huile végétale,fat,US,0.265,,USD,,,
Vinegar,Vinaigre,condiment,CA,0.055,,CAD,,,
Vinegar,Vinaigre,condiment,GB,0.055,,GBP,,,
Vinegar,Vinaigre,condiment,US,0.055,,USD,,,
Water,Eau,liquid,CA,,,CAD,,,
Water,Eau,liquid,GB,,,GBP,,,
Water,Eau,liquid,US,,,USD,,,
Wheat Flour,Farine de blé,starch,CA,0.056,,CAD,,,
Wheat Flour,Farine de blé,starch,GB,0.056,,GBP,,,
Wheat Flour,Farine de blé,starch,US,0.056,,USD,,,
Wheat flour,Farine de blé,starch,CA,0.056,,CAD,,,
Wheat flour,Farine de blé,starch,GB,0.056,,GBP,,,
Wheat flour,Farine de blé,starch,US,0.056,,USD,,,
White beans,Haricots blancs,legume,CA,0.225,,CAD,,,
White beans,Haricots blancs,legume,GB,0.225,,GBP,,,
White beans,Haricots blancs,legume,US,0.225,,USD,,,
White cabbage,Chou blanc,vegetable,CA,,,CAD,,,
White cabbage,Chou blanc,vegetable,GB,,,GBP,,,
White cabbage,Chou blanc,vegetable,US,,,USD,,,
White hibiscus leaves (Bissap),Feuilles de bissap blanc (hibiscus),herb,CA,,,CAD,,,
White hibiscus leaves (Bissap),Feuilles de bissap blanc (hibiscus),herb,GB,,,GBP,,,
White hibiscus leaves (Bissap),Feuilles de bissap blanc (hibiscus),herb,US,,,USD,,,
Whole chicken,Poulet entier,protein,CA,0.799,,CAD,,,
Whole chicken,Poulet entier,protein,GB,0.799,,GBP,,,
Whole chicken,Poulet entier,protein,US,0.799,,USD,,,
Worcestershire sauce,Sauce Worcestershire,condiment,CA,2.327,,CAD,,,
Worcestershire sauce,Sauce Worcestershire,condiment,GB,2.327,,GBP,,,
Worcestershire sauce,Sauce Worcestershire,condiment,US,2.327,,USD,,,
Yam,Igname,starch,CA,0.499,,CAD,,,
Yam,Igname,starch,GB,0.499,,GBP,,,
Yam,Igname,starch,US,0.499,,USD,,,
Yogurt,Yaourt,dairy,CA,0.170,,CAD,,,
Yogurt,Yaourt,dairy,GB,0.170,,GBP,,,
Yogurt,Yaourt,dairy,US,0.170,,USD,,,
